frame,tp,fp,fn,gt_count,det_count,avg_conf,inference_ms
1,5,2,10,15,7,0.6416140113558088,1511.2074161879718
2,5,2,11,16,7,0.6307984292507172,9.23285586759448
3,5,1,11,16,6,0.6711621681849161,9.987140074372292
4,5,1,11,16,6,0.672982782125473,8.0002062022686
5,5,1,11,16,6,0.6831957548856735,9.583552833646536
6,6,2,10,16,8,0.6007265076041222,8.687733672559261
7,8,3,8,16,11,0.5088964781977914,8.578973822295666
8,6,5,10,16,11,0.5094601728699424,9.88675095140934
9,8,4,9,17,12,0.5040814379851023,8.935624733567238
10,7,3,10,17,10,0.5514553040266037,8.385133929550648
11,8,4,9,17,12,0.5276217237114906,8.873147424310446
12,7,5,10,17,12,0.5124667262037595,8.398300968110561
13,7,4,9,16,11,0.5279604142362421,11.316089890897274
14,7,3,9,16,10,0.5116902470588685,8.310894016176462
15,6,4,10,16,10,0.5019636064767837,8.297603111714125
16,7,7,9,16,14,0.45619731502873556,7.467680145055056
17,6,5,10,16,11,0.48835210366682574,7.257252000272274
18,6,1,10,16,7,0.6259815096855164,8.845285046845675
19,6,2,10,16,8,0.5689392946660519,8.467524778097868
20,6,4,9,15,10,0.5114508241415023,7.947755977511406
21,7,3,8,15,10,0.5039357125759125,9.36262495815754
22,7,5,8,15,12,0.47322234014670056,8.346326183527708
23,6,5,9,15,11,0.5069378804076802,8.914332836866379
24,5,5,11,16,10,0.5047944337129593,8.655596058815718
25,6,4,10,16,10,0.5192833513021469,9.608912747353315
26,6,4,9,15,10,0.5383193790912628,8.758732117712498
27,7,5,8,15,12,0.4908197025458018,9.151640813797712
28,8,6,7,15,14,0.4671115960393633,9.606767911463976
29,6,6,9,15,12,0.5242930427193642,8.682805113494396
30,7,5,9,16,12,0.5085409407814344,8.87480191886425
31,6,4,10,16,10,0.5651855617761612,11.689701117575169
32,6,3,11,17,9,0.5928203927146064,8.174854796379805
33,6,4,11,17,10,0.5551478266716003,9.76642407476902
34,6,3,11,17,9,0.559561077091429,8.365119807422161
35,6,4,11,17,10,0.530563622713089,9.083233308047056
36,5,4,11,16,9,0.5648775464958615,7.802987936884165
37,6,1,10,16,7,0.6017578499657767,8.96219490095973
38,5,4,11,16,9,0.5417736868063608,10.628298856317997
39,6,1,10,16,7,0.6599304846354893,8.575325831770897
40,5,2,10,15,7,0.6456425530569894,8.507647085934877
41,5,2,10,15,7,0.6649376749992371,9.564108215272427
42,5,2,10,15,7,0.6520532965660095,8.131952956318855
43,6,2,9,15,8,0.6324048079550266,10.245221201330423
44,6,2,9,15,8,0.5866109095513821,7.509214803576469
45,5,3,10,15,8,0.5927361585199833,9.039970114827156
46,5,3,10,15,8,0.5815844833850861,8.345781825482845
47,5,1,10,15,6,0.7088710566361746,8.395249024033546
48,5,2,10,15,7,0.6073929624898093,9.251931682229042
49,5,0,10,15,5,0.7053163766860961,8.086069021373987
50,5,1,10,15,6,0.6265182842810949,7.871116977185011
51,7,1,8,15,8,0.5809046663343906,9.934358298778534
52,6,2,9,15,8,0.5651343241333961,8.19732528179884
53,6,3,9,15,9,0.5253026717238956,8.651875890791416
54,5,2,10,15,7,0.5971149121012006,8.036139886826277
55,6,3,9,15,9,0.5437693066067166,10.168853681534529
56,5,5,10,15,10,0.5199683010578156,10.14034217223525
57,5,2,9,14,7,0.5851737942014422,9.157765656709671
58,5,2,10,15,7,0.5121120001588549,8.508600760251284
59,4,3,11,15,7,0.5415368293012891,7.892802823334932
60,5,3,9,14,8,0.49925150349736214,7.325897924602032
61,4,2,10,14,6,0.5521598905324936,9.403335861861706
62,4,3,9,13,7,0.5405672831194741,11.225339956581593
63,5,3,8,13,8,0.5150386281311512,8.596529252827168
64,5,2,8,13,7,0.5412084289959499,8.417469915002584
65,4,2,10,14,6,0.5953096201022466,7.822845131158829
66,5,3,10,15,8,0.5359129421412945,9.876923635601997
67,6,2,9,15,8,0.5271720960736275,8.524614851921797
68,6,2,9,15,8,0.5307968780398369,7.441139779984951
69,5,1,10,15,6,0.6224654018878937,10.442967992275953
70,6,1,9,15,7,0.5755081602505275,7.7658481895923615
71,6,2,9,15,8,0.5423077270388603,8.357408922165632
72,5,1,10,15,6,0.6185076236724854,8.061792701482773
73,5,3,10,15,8,0.5200950056314468,8.598469197750092
74,6,1,9,15,7,0.5431692898273468,9.681120980530977
75,5,0,10,15,5,0.6141708374023438,7.772466167807579
76,5,3,10,15,8,0.5107203833758831,8.408141322433949
77,6,2,9,15,8,0.5123065784573555,8.772782981395721
78,5,5,11,16,10,0.48399261832237245,8.269072975963354
79,6,6,10,16,12,0.44590406864881516,8.981508668512106
80,5,5,11,16,10,0.44837644398212434,8.109512738883495
81,6,4,9,15,10,0.44535531997680666,8.408309891819954
82,5,4,9,14,9,0.46678052677048576,9.61221382021904
83,5,4,9,14,9,0.45236852433946395,7.067751605063677
84,5,4,9,14,9,0.4580707550048828,6.835144013166428
85,5,4,9,14,9,0.4572094678878784,8.708291221410036
86,5,4,9,14,9,0.4841822220219506,8.152099791914225
87,5,2,9,14,7,0.5137817731925419,8.968350943177938
88,4,3,10,14,7,0.5005859306880406,8.260834962129593
89,4,4,10,14,8,0.47490744665265083,8.659825194627047
90,4,3,10,14,7,0.4960298538208008,9.656940586864948
91,6,2,10,16,8,0.4915204234421253,7.485901936888695
92,6,3,10,16,9,0.46495000190205044,8.570624981075525
93,5,5,10,15,10,0.4334476560354233,10.465944185853004
94,5,3,9,14,8,0.46887633204460144,7.99406785517931
95,5,3,9,14,8,0.48852595686912537,8.326481096446514
96,4,2,10,14,6,0.5399293104807535,9.618462063372135
97,4,3,10,14,7,0.5170032041413444,7.682035677134991
98,5,2,8,13,7,0.505652734211513,8.994224015623331
99,5,1,8,13,6,0.5957703242699305,10.789908934384584
100,5,2,8,13,7,0.563059253352029,8.88172397390008
101,5,3,9,14,8,0.565429087728262,8.764996659010649
102,5,3,9,14,8,0.5846727602183819,10.243012104183435
103,5,3,8,13,8,0.55594202876091,8.522107731550932
104,5,3,9,14,8,0.541170310229063,8.191854227334261
105,5,2,8,13,7,0.5596432558127812,9.788390714675188
106,5,2,8,13,7,0.5468764219965253,10.635768994688988
107,5,2,8,13,7,0.528013791356768,8.03413800895214
108,5,3,8,13,8,0.5160892158746719,7.668022066354752
109,5,2,8,13,7,0.5471524936812264,7.757227867841721
110,5,1,8,13,6,0.5608542760213217,8.333035744726658
111,5,2,6,11,7,0.51270791888237,8.569925092160702
112,5,2,6,11,7,0.5251228766781944,8.454036898911
113,5,2,6,11,7,0.5374283705438886,7.230360992252827
114,5,1,6,11,6,0.5779878050088882,8.571747224777937
115,4,1,8,12,5,0.6468324601650238,8.34374688565731
116,5,1,7,12,6,0.583916703859965,8.600899018347263
117,5,1,7,12,6,0.5967688113451004,10.665382258594036
118,6,1,6,12,7,0.5488206488745553,7.329525891691446
119,5,2,7,12,7,0.5264407566615513,7.171794772148132
120,5,1,7,12,6,0.5445254643758138,9.143669158220291
121,5,2,8,13,7,0.4977704073701586,7.6769087463617325
122,5,3,7,12,8,0.4700908996164799,7.530885748565197
123,5,2,7,12,7,0.5132578611373901,9.742392227053642
124,6,3,6,12,9,0.4635891550117069,7.239241618663073
125,6,2,6,12,8,0.5009134039282799,7.958483882248402
126,4,1,8,12,5,0.6427974224090576,8.910216856747866
127,4,2,8,12,6,0.5699481268723806,8.209642954170704
128,4,3,9,13,7,0.5251281346593585,8.736874908208847
129,4,2,9,13,6,0.5459027687708536,9.556133765727282
130,4,2,9,13,6,0.562499796350797,7.563767023384571
131,4,2,10,14,6,0.5578340490659078,7.732017897069454
132,3,1,11,14,4,0.6931310594081879,10.374497156590223
133,3,2,11,14,5,0.5976719319820404,7.9933032393455505
134,5,2,10,15,7,0.5033074234213147,7.849743124097586
135,5,2,11,16,7,0.49385798403194975,9.71513707190752
136,4,2,13,17,6,0.539971798658371,7.8506991267204285
137,4,1,13,17,5,0.6106902837753296,11.238466016948223
138,4,1,13,17,5,0.6239993870258331,12.627930846065283
139,4,1,13,17,5,0.6258783996105194,7.765458896756172
140,4,1,13,17,5,0.6280423045158386,7.955766282975674
141,5,1,12,17,6,0.5787836313247681,9.414201136678457
142,5,1,12,17,6,0.5513533502817154,8.149822242558002
143,4,1,13,17,5,0.6103661358356476,8.839801885187626
144,5,1,12,17,6,0.5223392248153687,8.912976365536451
145,5,2,11,16,7,0.5046148555619376,7.464366964995861
146,7,1,9,16,8,0.5066060051321983,7.953427731990814
147,6,1,10,16,7,0.538304192679269,9.456399828195572
148,6,1,10,16,7,0.5405154866831643,7.560513913631439
149,6,2,9,15,8,0.5153410919010639,7.369698025286198
150,6,0,9,15,6,0.6084825942913691,9.547064080834389
151,8,0,7,15,8,0.5235490873456001,8.25754925608635
152,8,0,7,15,8,0.5331375114619732,8.375430013984442
153,7,3,8,15,10,0.4842982292175293,10.210205800831318
154,8,1,8,16,9,0.5438625713189443,7.453016005456448
155,8,2,7,15,10,0.5172057300806046,7.2341542690992355
156,5,2,10,15,7,0.5976334682532719,8.834946900606155
157,7,3,8,15,10,0.5011172860860824,8.85319709777832
158,6,3,9,15,9,0.5205904841423035,8.3409259095788
159,5,3,10,15,8,0.5345731414854527,9.592861868441105
160,5,2,10,15,7,0.5733638490949359,6.633490789681673
161,5,1,9,14,6,0.6509140133857727,7.856111042201519
162,8,1,6,14,9,0.5409749017821418,9.960574097931385
163,6,1,8,14,7,0.6200862441744123,8.26557818800211
164,6,3,7,13,9,0.5458489689562056,7.141645066440105
165,5,3,8,13,8,0.5717766098678112,9.469880256801844
166,7,1,6,13,8,0.5758317522704601,8.693510200828314
167,6,1,7,13,7,0.6132096009595054,7.920742966234684
168,7,2,6,13,9,0.5584492484728495,10.241984855383635
169,6,2,7,13,8,0.5880837589502335,7.608399726450443
170,6,3,7,13,9,0.5646983848677741,8.20010295137763
171,6,2,7,13,8,0.6084427908062935,8.935451041907072
172,6,2,7,13,8,0.5824936926364899,8.327099028974771
173,5,1,7,12,6,0.6458761294682821,8.614420890808105
174,7,3,5,12,10,0.49011065661907194,8.535697124898434
175,6,3,6,12,9,0.5160487691561381,7.412887644022703
176,7,3,6,13,10,0.49706628918647766,8.618158288300037
177,7,2,6,13,9,0.5048541592227088,9.881684090942144
178,5,2,7,12,7,0.594409418957574,7.551330141723156
179,5,3,7,12,8,0.5772432126104832,6.368397269397974
180,6,3,6,12,9,0.5176464153660668,10.196980088949203
181,6,3,6,12,9,0.5549046264754401,8.99688620120287
182,6,2,5,11,8,0.577988289296627,8.846602868288755
183,7,2,6,13,9,0.5422171387407515,9.932960849255323
184,8,1,6,14,9,0.5592882169617547,6.587773095816374
185,7,2,7,14,9,0.5492438574632009,8.054045028984547
186,7,1,7,14,8,0.6321814656257629,10.179349686950445
187,7,3,8,15,10,0.5402312099933624,8.184549398720264
188,7,3,9,16,10,0.5541649401187897,8.498646784573793
189,7,4,9,16,11,0.5278235213323073,10.784576646983624
190,7,3,9,16,10,0.5622897893190384,7.071500178426504
191,5,3,11,16,8,0.5634264126420021,7.917043287307024
192,5,2,11,16,7,0.6240242336477552,9.207072202116251
193,8,2,8,16,10,0.5389527767896652,8.089700248092413
194,9,3,7,16,12,0.48813943068186444,8.553579915314913
195,8,3,8,16,11,0.5026294372298501,10.301024653017521
196,8,5,7,15,13,0.4852848075903379,7.146928925067186
197,7,4,8,15,11,0.5321891578761014,8.175123948603868
198,7,1,7,14,8,0.613069262355566,9.001471102237701
199,7,1,7,14,8,0.6157476007938385,8.236097637563944
200,6,2,8,14,8,0.6105435416102409,8.322073146700859
201,5,3,9,14,8,0.62029580026865,8.134478237479925
202,7,2,7,14,9,0.5813574062453376,7.9441978596150875
203,8,3,6,14,11,0.543342956087806,8.192380890250206
204,7,3,8,15,10,0.5763320744037628,8.779960684478283
205,7,3,8,15,10,0.5679212629795074,8.22932505980134
206,7,4,8,15,11,0.545098911632191,7.1941157802939415
207,7,3,8,15,10,0.5644048392772675,9.01789404451847
208,6,4,8,14,10,0.5471488475799561,8.789511397480965
209,6,4,7,13,10,0.5245504289865494,8.432993199676275
210,6,3,7,13,9,0.560273740026686,7.746571209281683
211,6,3,7,13,9,0.5441933506064944,7.370848208665848
212,6,5,7,13,11,0.5020477798852053,7.651360705494881
213,5,3,8,13,8,0.5772966146469116,9.202450048178434
214,6,3,8,14,9,0.5213165581226349,7.317074108868837
215,5,4,9,14,9,0.5541005498833127,7.688838988542557
216,6,5,8,14,11,0.521963282064958,9.139192756265402
217,6,5,8,14,11,0.5158047594807365,7.925079204142094
218,6,4,8,14,10,0.5516852766275406,8.10714578256011
219,6,3,8,14,9,0.5756072468227811,9.612973779439926
220,6,3,8,14,9,0.5392476088470883,7.471912074834108
221,7,4,9,16,11,0.5010987249287692,7.217181380838156
222,6,3,11,17,9,0.5384377406703101,9.400756563991308
223,7,2,10,17,9,0.540351046456231,8.480655960738659
224,6,2,11,17,8,0.5534046962857246,8.671877905726433
225,5,4,12,17,9,0.5358327494727241,8.678135927766562
226,6,3,12,18,9,0.5700678328673044,7.319778669625521
227,6,4,12,18,10,0.5415176331996918,7.42520485073328
228,5,4,11,16,9,0.5612083574136099,9.288039058446884
229,5,5,11,16,10,0.5152164846658707,8.75457376241684
230,4,5,10,14,9,0.5625548263390859,8.599765598773956
231,4,5,10,14,9,0.54175665974617,8.769416250288486
232,4,3,10,14,7,0.6167157164641789,7.2732060216367245
233,4,4,11,15,8,0.5904141776263714,7.889933884143829
234,4,5,11,15,9,0.5372974508338504,9.082854725420475
235,4,4,11,15,8,0.5822179242968559,7.8858500346541405
236,4,6,11,15,10,0.48776504695415496,7.121526636183262
237,5,5,11,16,10,0.50174380838871,9.027509018778801
238,5,6,12,17,11,0.47232934832572937,8.61601298674941
239,5,4,12,17,9,0.5283830298317803,8.275714237242937
240,5,4,13,18,9,0.5587815344333649,9.386925026774406
241,6,4,13,19,10,0.5405620574951172,7.567082066088915
242,6,3,11,17,9,0.5463860366079543,7.5812446884810925
243,6,3,10,16,9,0.5407121181488037,8.30620201304555
244,5,3,12,17,8,0.5517738647758961,8.020603097975254
245,5,3,13,18,8,0.5510344095528126,8.236110210418701
246,6,3,12,18,9,0.5342242055469089,8.507529273629189
247,6,3,12,18,9,0.5326012670993805,7.973244413733482
248,5,4,13,18,9,0.5371919274330139,7.468024268746376
249,6,4,12,18,10,0.49249500334262847,9.736945386976004
250,6,3,13,19,9,0.567031161652671,8.716389071196318
251,6,2,13,19,8,0.5947714932262897,8.562417235225439
252,7,4,10,17,11,0.5365262952717867,8.75771977007389
253,7,4,11,18,11,0.5626638233661652,9.155067149549723
254,7,4,10,17,11,0.5645932555198669,7.346278987824917
255,8,3,10,18,11,0.5965089174834165,8.78637982532382
256,7,2,11,18,9,0.6549011369546255,7.371816784143448
257,8,3,10,18,11,0.5957221280444752,8.502224925905466
258,6,2,12,18,8,0.6617919467389584,8.73722368851304
259,7,3,12,19,10,0.5637129068374633,7.448736112564802
260,7,4,12,19,11,0.567738262089816,7.343996781855822
261,7,4,11,18,11,0.5433841781182722,8.46917787566781
262,7,3,11,18,10,0.602010840177536,8.622883819043636
263,8,3,11,19,11,0.5742345587773756,8.310196921229362
264,8,2,11,19,10,0.6033087581396103,7.759086322039366
265,7,2,12,19,9,0.6327252984046936,7.279147859662771
266,7,3,13,20,10,0.5760528326034546,7.5599318370223045
267,6,2,14,20,8,0.659283522516489,8.61547701060772
268,7,1,12,19,8,0.6483211815357208,8.125197142362595
269,7,2,13,20,9,0.5882127715481652,7.4797458946704865
270,6,2,13,19,8,0.6494620032608509,8.000107016414404
271,6,2,13,19,8,0.6525348015129566,8.541163057088852
272,6,2,14,20,8,0.6502143517136574,8.682646788656712
273,7,4,12,19,11,0.5413023395971819,8.09437409043312
274,8,3,11,19,11,0.56921447948976,6.7879557609558105
275,8,4,12,20,12,0.5159675454099973,6.381609011441469
276,7,3,13,20,10,0.5728377163410187,8.943299762904644
277,6,5,14,20,11,0.5350578942082145,8.338490966707468
278,6,4,14,20,10,0.5595911473035813,7.6491739600896835
279,7,5,12,19,12,0.5051975498596827,7.414295803755522
280,7,4,11,18,11,0.5253654312003743,7.197289727628231
281,6,5,12,18,11,0.5295752124352888,8.669937960803509
282,7,6,10,17,13,0.49263015389442444,8.6767696775496
283,6,5,11,17,11,0.48335865952751855,8.50703613832593
284,6,4,11,17,10,0.5080784320831299,8.882674854248762
285,6,5,11,17,11,0.4883435504003005,6.742551922798157
286,6,6,11,17,12,0.4959641993045807,7.651449181139469
287,6,7,11,17,13,0.5064303714495438,7.931957021355629
288,5,6,12,17,11,0.5156826376914978,8.55311006307602
289,6,5,11,17,11,0.529639412056316,8.477749768644571
290,7,3,11,18,10,0.5682813197374343,8.737733121961355
291,7,3,12,19,10,0.576466828584671,6.651486735790968
292,7,6,11,18,13,0.49237932150180524,8.115277159959078
293,8,4,10,18,12,0.5379271407922109,8.423178922384977
294,8,5,10,18,13,0.5220833879250747,8.450933266431093
295,8,4,10,18,12,0.5469058007001877,8.298490196466446
296,8,4,10,18,12,0.5234305063883463,8.47406405955553
297,7,3,10,17,10,0.573597052693367,6.660731043666601
298,7,4,10,17,11,0.5601124953139912,7.996546104550362
299,7,5,10,17,12,0.5242711752653122,8.40466609224677
300,7,5,11,18,12,0.5263883372147878,7.811233401298523
301,7,6,11,18,13,0.5303836579506214,7.362139876931906
302,9,4,9,18,13,0.5076872821037586,7.788554299622774
303,9,6,9,18,15,0.49772478540738424,8.361055981367826
304,9,4,10,19,13,0.5625206300845513,8.141839876770973
305,9,5,10,19,14,0.5324426421097347,9.404726326465607
306,9,7,10,19,16,0.5308607965707779,7.435731124132872
307,10,2,9,19,12,0.6039889554182688,7.13280588388443
308,9,4,9,18,13,0.597427636384964,9.305254090577364
309,9,3,10,19,12,0.6295593505104383,8.073015604168177
310,9,5,10,19,14,0.5925198452813285,8.739458862692118
311,9,3,9,18,12,0.6302643294135729,10.225176811218262
312,9,3,9,18,12,0.6139130964875221,8.308676071465015
313,9,3,9,18,12,0.6154242977499962,8.424471132457256
314,9,3,9,18,12,0.6191049888730049,8.231632877141237
315,9,4,8,17,13,0.5797127256026635,7.4001639150083065
316,10,4,7,17,14,0.5842981700386319,7.667650002986193
317,10,5,7,17,15,0.5964050372441609,8.443202823400497
318,10,3,7,17,13,0.6121245049513303,8.76589398831129
319,9,4,8,17,13,0.6136508400623615,8.369011338800192
320,9,5,8,17,14,0.5779746345111302,7.7057769522070885
321,9,5,8,17,14,0.5773964609418597,6.8047079257667065
322,9,2,8,17,11,0.6602603088725697,7.703850977122784
323,9,2,7,16,11,0.6457208909771659,8.25041113421321
324,9,3,6,15,12,0.5942306568225225,8.727805688977242
325,9,3,6,15,12,0.5609585593144099,8.382442407310009
326,9,2,7,16,11,0.5713806369087913,7.4953557923436165
327,9,2,7,16,11,0.5788224312392148,7.310363929718733
328,8,3,8,16,11,0.5472027171741832,8.175004739314318
329,6,3,10,16,9,0.5924362507131364,8.256368804723024
330,7,2,8,15,9,0.5718516111373901,8.178125135600567
331,7,3,9,16,10,0.547363555431366,9.101355914026499
332,5,4,11,16,9,0.6326144105858273,7.374536711722612
333,6,3,10,16,9,0.6094032559129927,8.043497335165739
334,6,4,10,16,10,0.5866261184215545,8.189700078219175
335,8,5,9,17,13,0.5254717148267306,7.725731935352087
336,8,3,9,17,11,0.5747573456980966,8.160192053765059
337,6,6,8,14,12,0.5461819892128309,7.223968859761953
338,6,5,9,15,11,0.5469243716109883,8.149842265993357
339,6,4,8,14,10,0.5812094449996948,8.416031021624804
340,5,5,9,14,10,0.5646208733320236,8.488022722303867
341,6,5,8,14,11,0.5236628353595734,8.054819889366627
342,5,3,9,14,8,0.605052474886179,7.466292008757591
343,5,3,10,15,8,0.591867171227932,7.682893890887499
344,4,3,11,15,7,0.6258197469370705,8.444289211183786
345,4,2,11,15,6,0.6966991573572159,7.895730901509523
346,4,4,11,15,8,0.5844795443117619,8.733081165701151
347,4,4,11,15,8,0.593605425208807,8.514678105711937
348,5,5,10,15,10,0.5612944334745407,8.40660696849227
349,5,5,10,15,10,0.5521072775125504,7.467188872396946
350,5,5,10,15,10,0.5462430864572525,7.606602739542723
351,5,6,9,14,11,0.550924921577627,8.37221508845687
352,6,6,8,14,12,0.5626848513881365,8.147608023136854
353,6,6,9,15,12,0.5488519916931788,8.051870856434107
354,5,6,10,15,11,0.5738544843413613,8.564860094338655
355,5,5,9,14,10,0.5859340488910675,8.382656145840883
356,6,7,7,13,13,0.5316003079597766,8.095424156636
357,5,5,7,12,10,0.5915531903505326,7.94843677431345
358,6,6,6,12,12,0.5739119201898575,8.450507652014494
359,6,7,6,12,13,0.5305838103477771,8.096562698483467
360,6,5,5,11,11,0.5609304498542439,8.646110072731972
361,6,4,5,11,10,0.6118795990943908,10.759938973933458
362,5,5,6,11,10,0.6091365128755569,9.330570697784424
363,6,5,5,11,11,0.5757492211731997,7.77346920222044
364,6,4,5,11,10,0.593653815984726,9.190039243549109
365,5,5,5,10,10,0.5849453628063201,10.246607940644026
366,5,5,5,10,10,0.592305812239647,8.294542785733938
367,5,7,5,10,12,0.5450034240881602,8.578679990023375
368,5,7,5,10,12,0.5525616332888603,8.670278824865818
369,5,6,5,10,11,0.5730356574058533,7.594221271574497
370,5,7,4,9,12,0.5747998853524526,8.493163622915745
371,5,7,4,9,12,0.5591216310858727,8.172990288585424
372,5,7,4,9,12,0.5437144463260969,9.423222858458757
373,5,7,5,10,12,0.5456299806634585,8.314514067023993
374,5,7,5,10,12,0.5527632758021355,8.153655100613832
375,5,7,6,11,12,0.537730040649573,10.109396651387215
376,5,6,6,11,11,0.5828688415614042,9.401160757988691
377,6,3,5,11,9,0.6422227256827884,8.186542894691229
378,6,4,4,10,10,0.5989089697599411,11.007251683622599
379,6,4,4,10,10,0.608259242773056,8.607426192611456
380,6,2,4,10,8,0.6828306913375854,8.42286879196763
381,6,2,4,10,8,0.6750291213393211,11.093220673501492
382,6,4,6,12,10,0.6159965485334397,6.60356692969799
383,6,4,6,12,10,0.6055362701416016,7.665818091481924
384,6,4,5,11,10,0.6155638992786407,9.95173491537571
385,6,3,5,11,9,0.665750629372067,9.363590739667416
386,6,3,5,11,9,0.6632982359992133,8.045953698456287
387,7,3,4,11,10,0.6306805819272995,7.657176814973354
388,6,3,4,10,9,0.6680233114295535,8.365128189325333
389,6,6,3,9,12,0.5764244794845581,8.32023797556758
390,7,4,2,9,11,0.5931635092605244,9.128589183092117
391,7,4,3,10,11,0.5783891650763425,8.14172625541687
392,6,4,4,10,10,0.6069188475608825,6.502750795334578
393,7,3,4,11,10,0.6630756586790085,8.943371009081602
394,7,3,3,10,10,0.6811002165079116,8.980971295386553
395,7,4,3,10,11,0.6382165361534465,8.670944720506668
396,7,4,4,11,11,0.6235108023340051,8.23915982618928
397,7,4,4,11,11,0.6006738814440641,7.5757429003715515
398,7,4,5,12,11,0.6087366369637576,7.805219851434231
399,7,2,4,11,9,0.6914621757136451,8.850029204040766
400,7,3,3,10,10,0.6657310545444488,8.18402785807848
401,7,4,3,10,11,0.6364443844014948,7.775140926241875
402,7,3,3,10,10,0.6567249655723572,8.772057015448809
403,7,3,3,10,10,0.6322134852409362,8.633851073682308
404,7,3,2,9,10,0.6323956698179245,8.968548849225044
405,7,3,2,9,10,0.6347572416067123,9.134482126682997
406,6,4,3,9,10,0.6156819015741348,7.302775047719479
407,6,3,3,9,9,0.653090731965171,7.293725851923227
408,7,2,2,9,9,0.6636145876513587,8.805217687040567
409,7,1,2,9,8,0.7100295498967171,7.874110713601112
410,7,2,2,9,9,0.6650029420852661,7.970987819135189
411,7,2,2,9,9,0.6576635738213857,8.462023921310902
412,7,3,2,9,10,0.6271400302648544,8.225447963923216
413,7,2,3,10,9,0.6304251882765028,8.611930999904871
414,7,1,3,10,8,0.7018103674054146,8.618928026407957
415,7,2,3,10,9,0.6446534130308363,7.529344875365496
416,7,1,2,9,8,0.6987060941755772,8.13713064417243
417,7,2,2,9,9,0.6710669961240556,9.59855318069458
418,7,1,2,9,8,0.6967655830085278,7.20234913751483
419,7,1,2,9,8,0.700162660330534,7.460279855877161
420,7,4,2,9,11,0.5687917958606373,10.178705211728811
421,7,1,3,10,8,0.6869650073349476,8.170647080987692
422,8,2,2,10,10,0.6034737735986709,8.568190969526768
423,8,2,2,10,10,0.6355486273765564,10.640309192240238
424,8,1,2,10,9,0.64438553320037,7.907606661319733
425,8,2,2,10,10,0.5967846572399139,7.784991059452295
426,8,2,3,11,10,0.6041126608848572,9.454817976802588
427,8,1,2,10,9,0.6528213818868002,8.642488159239292
428,8,5,4,12,13,0.5646500495763925,8.490642998367548
429,8,4,4,12,12,0.586706854403019,8.675896096974611
430,8,3,4,12,11,0.5830981460484591,7.785976864397526
431,8,3,3,11,11,0.5407203923572194,8.138643112033606
432,8,4,3,11,12,0.5539904261628786,9.291110094636679
433,8,5,2,10,13,0.5480714325721447,7.448039948940277
434,7,4,3,10,11,0.5856929448517886,7.11048673838377
435,6,5,4,10,11,0.6119701049544595,9.56594804301858
436,5,3,3,8,8,0.6745401918888092,9.125539101660252
437,6,5,2,8,11,0.5456219965761359,8.568455930799246
438,7,2,2,9,9,0.6218750211927626,9.061793331056833
439,6,1,2,8,7,0.6973143134798322,6.981043145060539
440,6,3,2,8,9,0.6140457590421041,7.984002586454153
441,5,4,2,7,9,0.619443827205234,9.818966034799814
442,6,2,1,7,8,0.6200168058276176,7.36973388120532
443,6,4,2,8,10,0.5577827274799347,7.141388021409512
444,6,2,3,9,8,0.6112228743731976,10.521471034735441
445,7,4,4,11,11,0.5473236820914529,8.64171888679266
446,6,4,4,10,10,0.6027073442935944,8.685846347361803
447,7,7,3,10,14,0.5133641617638725,10.667689144611359
448,5,6,4,9,11,0.5437844260172411,6.808323785662651
449,6,4,4,10,10,0.6017904579639435,7.974674925208092
450,5,4,3,8,9,0.6396436658170488,9.648177307099104
451,5,6,5,10,11,0.5510378696701743,8.17599007859826
452,5,3,5,10,8,0.6026409827172756,8.56777373701334
453,6,5,4,10,11,0.5218185917897658,9.699833113700151
454,5,6,4,9,11,0.5552928718653592,8.01119627431035
455,6,3,4,10,9,0.6070594522688124,8.032410871237516
456,6,2,3,9,8,0.6012681275606155,10.145789012312889
457,5,4,3,8,9,0.5975341267055936,8.349129930138588
458,5,3,3,8,8,0.6394562125205994,9.363263845443726
459,6,3,3,9,9,0.6468576126628451,7.97832477837801
460,6,3,4,10,9,0.6384368273946974,7.989206817001104
461,6,4,4,10,10,0.6039230674505234,8.208346087485552
462,6,3,4,10,9,0.6346958378950754,9.960175026208162
463,8,1,4,12,9,0.6722440785831876,9.09943925216794
464,8,3,4,12,11,0.6030120768330314,7.579566910862923
465,7,2,5,12,9,0.6624905003441705,8.382988162338734
466,7,5,5,12,12,0.5560674319664637,10.168232955038548
467,7,4,5,12,11,0.5989697792313315,8.549872320145369
468,7,3,6,13,10,0.6621365457773208,9.634120855480433
469,7,3,7,14,10,0.6738255620002747,8.790554944425821
470,7,3,6,13,10,0.6413851201534271,8.069229777902365
471,7,3,7,14,10,0.6397545754909515,8.903261739760637
472,7,6,10,17,13,0.5713840470864222,9.260815568268299
473,7,3,10,17,10,0.6234905451536179,10.39063511416316
474,8,5,10,18,13,0.5504132921879108,10.51889592781663
475,9,4,9,18,13,0.5780185965391306,9.131771977990866
476,9,5,8,17,14,0.5955179567847934,9.847960900515318
477,8,6,9,17,14,0.5763747330222811,7.730543147772551
478,8,6,9,17,14,0.5827863046101162,7.625792641192675
479,9,7,8,17,16,0.5550596304237843,9.332010988146067
480,9,6,10,19,15,0.5648361424605052,7.522114086896181
481,9,5,11,20,14,0.6126818891082492,8.173299953341484
482,9,5,11,20,14,0.6042340397834778,8.57608625665307
483,9,5,11,20,14,0.5913790847573962,8.716899901628494
484,9,6,10,19,15,0.5434325754642486,9.96352406218648
485,9,7,11,20,16,0.5321705434471369,8.092261385172606
486,8,7,10,18,15,0.555968455473582,8.030291181057692
487,9,7,10,19,16,0.5179580096155405,7.7861519530415535
488,9,7,9,18,16,0.4869800303131342,7.475241087377071
489,8,7,10,18,15,0.5486458718776703,9.495816193521023
490,7,7,12,19,14,0.5684884147984641,8.032807148993015
491,7,7,12,19,14,0.5487908273935318,9.089124854654074
492,7,6,11,18,13,0.584398592893894,9.71560413017869
493,7,6,12,19,13,0.5603569264595325,8.285568095743656
494,7,7,11,18,14,0.5324319388185229,9.159419685602188
495,7,3,11,18,10,0.6364979445934296,8.554064203053713
496,7,6,11,18,13,0.5456992204372699,7.342261262238026
497,8,5,9,17,13,0.572935008085691,9.122468065470457
498,8,4,8,16,12,0.5891800497968992,8.33529932424426
499,8,6,8,16,14,0.5510167564664569,9.077051654458046
500,8,5,8,16,13,0.5960536094812247,10.250679217278957
501,8,5,8,16,13,0.5849604606628418,7.62864900752902
502,8,2,8,16,10,0.6669008910655976,6.56399829313159
503,8,6,8,16,14,0.5625134174312864,8.691242896020412
504,8,4,7,15,12,0.6192082117001215,8.296614978462458
505,8,4,7,15,12,0.6284525220592817,8.485495578497648
506,8,4,7,15,12,0.6263928785920143,9.417450986802578
507,9,2,8,17,11,0.6497844322161241,7.274250034242868
508,9,2,8,17,11,0.6485771807757291,7.545433938503265
509,10,2,7,17,12,0.6046410774191221,8.908726274967194
510,11,2,6,17,13,0.6189511624666361,8.019509259611368
511,10,2,7,17,12,0.6018866375088692,8.341214153915644
512,10,2,7,17,12,0.6307891234755516,9.55008715391159
513,10,2,7,17,12,0.6374228323499361,7.6278080232441425
514,11,2,5,16,13,0.6068578201990861,8.512359578162432
515,11,2,5,16,13,0.6156071355709662,9.990920312702656
516,11,3,6,17,14,0.5773919160876956,7.904275320470333
517,10,3,7,17,13,0.5850713207171514,8.056208025664091
518,9,3,8,17,12,0.6231771111488342,10.037166997790337
519,9,4,8,17,13,0.5789116552242866,8.376277051866055
520,9,3,9,18,12,0.6161543925603231,8.10503214597702
521,8,3,9,17,11,0.601016188209707,8.922283072024584
522,9,2,8,17,11,0.5933056175708771,8.47963197156787
523,10,4,7,17,14,0.5646008061511176,8.20869067683816
524,10,1,8,18,11,0.6162555624138225,8.79927584901452
525,10,4,8,18,14,0.5696798371417182,7.042990066111088
526,10,3,7,17,13,0.6030859144834372,9.427986107766628
527,10,2,7,17,12,0.6297234296798706,9.115060325711966
528,10,1,7,17,11,0.6264884309335188,8.85433703660965
529,10,3,7,17,13,0.6012997489709121,13.234649784862995
530,10,4,7,17,14,0.5723682790994644,9.454257320612669
531,11,4,6,17,15,0.5492753525575002,8.521167561411858
532,10,1,7,17,11,0.6266794285990975,9.276698343455791
533,10,2,8,18,12,0.6062444051106771,8.66055116057396
534,10,1,8,18,11,0.6158113994381644,12.290405109524727
535,10,1,8,18,11,0.6248937791044061,7.968551944941282
536,10,1,9,19,11,0.5875281447714026,8.446598425507545
537,10,1,7,17,11,0.5940190120176836,9.115828201174736
538,10,1,7,17,11,0.6166310879317197,9.702717419713736
539,11,0,8,19,11,0.6040271872823889,10.413010604679585
540,11,0,7,18,11,0.6057449795983054,8.23530601337552
541,11,1,7,18,12,0.5832118690013885,7.506945636123419
542,11,1,8,19,12,0.5890010669827461,11.270114686340094
543,10,3,9,19,13,0.538687295638598,11.402446310967207
544,10,3,9,19,13,0.5484480468126444,9.844564832746983
545,10,4,9,19,14,0.550555312207767,7.732186000794172
546,10,6,10,20,16,0.5428221616894007,8.497348055243492
547,10,5,10,20,15,0.5330814143021901,9.319520089775324
548,10,4,10,20,14,0.5212965777942112,7.728449068963528
549,10,3,11,21,13,0.5012234380612006,11.770431883633137
550,9,3,10,19,12,0.5438416128357252,9.21034486964345
551,9,1,9,18,10,0.6278747320175171,8.083212655037642
552,10,1,8,18,11,0.5805919983170249,9.260141290724277
553,10,0,8,18,10,0.6211764633655548,8.685913868248463
554,10,1,8,18,11,0.5963287488980726,6.976903881877661
555,10,1,7,17,11,0.569928765296936,8.26681312173605
556,8,1,10,18,9,0.5993357598781586,8.92032589763403
557,9,0,9,18,9,0.6118077569537692,10.089818853884935
558,9,0,10,19,9,0.6163414650493197,9.217591024935246
559,8,0,11,19,8,0.6507978178560734,7.39305280148983
560,10,1,9,19,11,0.5622705221176147,8.402733132243156
561,10,1,9,19,11,0.5351177453994751,9.301386307924986
562,9,0,10,19,9,0.613229470120536,7.755239959806204
563,8,0,11,19,8,0.6446326710283756,6.8452865816652775
564,8,1,10,18,9,0.6034056544303894,8.809552062302828
565,8,1,10,18,9,0.6334128578503927,8.5389562882483
566,8,2,10,18,10,0.5725018292665481,9.164519142359495
567,8,2,9,17,10,0.5915688395500183,9.62183391675353
568,9,2,8,17,11,0.5713890872218392,6.589583121240139
569,9,1,8,17,10,0.5899347573518753,7.367217913269997
570,8,2,8,16,10,0.5658888012170792,8.857173845171928
571,8,1,9,17,9,0.6133275694317288,8.887731935828924
572,8,2,9,17,10,0.5856656074523926,8.366103749722242
573,8,2,9,17,10,0.592294555902481,8.70261900126934
574,8,3,9,17,11,0.5574508769945665,7.627000100910664
575,8,2,8,16,10,0.5078779995441437,9.286715649068356
576,8,1,8,16,9,0.5675646993849013,9.901537094265223
577,8,2,8,16,10,0.5608083754777908,8.478011004626751
578,8,0,8,16,8,0.6357015632092953,6.4761280082166195
579,8,1,7,15,9,0.6086693538559808,8.797456976026297
580,8,0,7,15,8,0.6436902321875095,9.434161242097616
581,8,0,7,15,8,0.6442690677940845,9.257740341126919
582,9,0,7,16,9,0.5900284118122525,9.630457032471895
583,8,0,8,16,8,0.6073427833616734,6.664692424237728
584,9,0,7,16,9,0.567109591431088,7.5520602986216545
585,8,0,8,16,8,0.6409621722996235,9.33791697025299
586,10,2,7,17,12,0.5163007403413454,7.744370959699154
587,9,2,6,15,11,0.5623221803795208,8.812753017991781
588,9,1,6,15,10,0.5877442985773087,10.727695189416409
589,9,1,6,15,10,0.5742116302251816,7.361327763646841
590,9,1,6,15,10,0.5704702317714692,7.196953985840082
591,9,2,6,15,11,0.5338495590470054,11.502457782626152
592,9,2,7,16,11,0.552230182019147,9.485230781137943
593,9,2,7,16,11,0.519037436355244,7.791171316057444
594,9,0,6,15,9,0.5665424433019426,8.85349279269576
595,9,2,6,15,11,0.49880302494222467,8.157957810908556
596,9,0,6,15,9,0.5784049232800802,9.52393002808094
597,10,0,6,16,10,0.5441188663244247,7.6469602063298225
598,9,1,7,16,10,0.5556244492530823,9.400755632668734
599,9,2,7,16,11,0.5603768852624026,11.504597030580044
600,9,2,9,18,11,0.5510174604979429,7.79266981408
